track_name,artist(s)_name,artist_count,released_year,in_spotify_playlists,streams,key,mode
Seven feat Latto Explicit Ver,Latto Jung Kook,2,2023,553,141381703,B,Major
LALA,Myke Towers,1,2023,1474,133716286,C,Major
vampire,Olivia Rodrigo,1,2023,1397,140003974,F,Major
WHERE SHE GOES,Bad Bunny,1,2023,3133,303236322,A,Minor
Sprinter,Dave Central Cee,2,2023,2186,183706234,C,Major
Ella Baila Sola,Eslabon Armado Peso Pluma,2,2023,3090,725980112,F,Minor
Columbia,Quevedo,1,2023,714,58149378,F,Major
fukumean,Gunna,1,2023,1096,95217315,C,Minor
La Bebe  Remix,Peso Pluma Yng Lvcas,2,2023,2953,553634067,D,Minor
un x100to,Bad Bunny Grupo Frontera,2,2023,2876,505671438,F,Minor
Super Shy,NewJeans,1,2023,422,58255150,F,Minor
Flowers,Miley Cyrus,1,2023,12211,1316855716,nan,Major
Daylight,David Kushner,1,2023,3528,387570742,D,Minor
As It Was,Harry Styles,1,2022,23575,2513188493,F,Minor
Kill Bill,SZA,1,2022,8109,1163093654,G,Major
Cupid  Twin Ver,Fifty Fifty,1,2023,2942,496795686,B,Minor
What Was I Made For From The Motion Picture Barbie,Billie Eilish,1,2023,873,30546883,nan,Major
Classy 101,Feid Young Miko,2,2023,2610,335222234,B,Major
Like Crazy,Jimin,1,2023,596,363369738,G,Major
LADY GAGA,Gabito Ballesteros Junior H Peso Pluma,3,2023,332,86444842,F,Minor
I Can See You Taylors Version From The ,Taylor Swift,1,2023,516,52135248,F,Major
Peso Pluma Bzrp Music Sessions Vol 55,Bizarrap Peso Pluma,2,2023,1313,200647221,F,Minor
Popular with Playboi Carti  Madonna  The Idol Vol 1 Music from the HBO Original Series,The Weeknd Madonna Playboi Carti,3,2023,1945,115364561,C,Major
SABOR FRESA,Fuerza Regida,1,2023,250,78300654,G,Minor
Calm Down with Selena Gomez,Rma Selena G,2,2022,7112,899183384,B,Major
MOJABI GHOST,Tainy Bad Bunny,2,2023,859,61245289,F,Minor
Last Night,Morgan Wallen,1,2023,2420,429829812,F,Major
Dance The Night From Barbie The Album,Dua Lipa,1,2023,2988,127408954,B,Minor
Rush,Troye Sivan,1,2023,864,22581161,F,Minor
TULUM,Peso Pluma Grupo Frontera,2,2023,266,52294266,F,Major
Creepin,The Weeknd 21 Savage Metro Boomin,3,2022,6036,843957510,C,Minor
AntiHero,Taylor Swift,1,2022,9082,999748277,E,Major
TQG,Karol G Shakira,2,2023,4284,618990393,E,Minor
Los del Espacio,Big One Duki Lit Killah Maria Becerra FMK Rusherking Emilia Tiago pzk,8,2023,1150,123122413,nan,Major
Frgil feat Grupo Front,Yahritza Y Su Esencia Grupo Frontera,2,2023,672,188933502,F,Major
TQM,Fuerza Regida,1,2023,584,176553476,F,Minor
El Azul,Junior H Peso Pluma,2,2023,692,354495408,A,Minor
Im Good Blue,Bebe Rexha David Guetta,2,2022,12482,1109433169,G,Minor
Barbie World with Aqua From Barbie The Album,Nicki Minaj Aqua Ice Spice,3,2023,1117,65156199,nan,Major
Angels Like You,Miley Cyrus,1,2020,3372,570515054,F,Major
I Aint Worried,OneRepublic,1,2022,8431,1085685420,nan,Major
Die For You  Remix,Ariana Grande The Weeknd,2,2023,3408,518745108,C,Minor
El Cielo,Feid Myke Towers Sky Rompiendo,3,2023,1298,107753850,A,Minor
Baby Dont Hurt Me,David Guetta AnneMarie Coi Leray,3,2023,4277,177740666,G,Major
AMARGURA,Karol G,1,2023,1133,153372011,F,Minor
It Goes Like Nanana  Edit,Peggy Gou,1,2023,2259,57876440,G,Minor
Moonlight,Kali Uchis,1,2023,2649,256483385,G,Minor
La Bachata,Manuel Turizo,1,2022,6804,1214083358,G,Minor
S91,Karol G,1,2023,525,16011326,nan,Minor
cardigan,Taylor Swift,1,2020,7923,812019557,nan,Minor
T,dennis MC Kevin o Chris,2,2023,731,111947664,B,Major
Boys a liar Pt 2,PinkPantheress Ice Spice,2,2023,5184,156338624,F,Major
Left and Right Feat Jung Kook of BTS,Charlie Puth BTS Jung Kook,3,2022,3107,720434240,D,Major
BESO,Rauw Alejandro ROSAL,2,2023,4053,357925728,F,Minor
Hey Mor,Ozuna Feid,2,2022,4637,674072710,C,Minor
Karma,Taylor Swift,1,2022,3818,404562836,G,Major
People,Libianca,1,2022,3506,373199958,A,Minor
Overdrive,Post Malone,1,2023,410,14780425,C,Major
Enchanted Taylors Version,Taylor Swift,1,2023,148,39578178,G,Major
BABY HELLO,Rauw Alejandro Bizarrap,2,2023,1004,54266102,C,Minor
Heat Waves,Glass Animals,1,2020,22543,2557975762,B,Major
golden hour,JVKE,1,2022,4511,751134527,C,Minor
Quevedo Bzrp Music Sessions Vol 52,Bizarrap Quevedo,2,2022,8506,1356565093,D,Major
Here With Me,d4vd,1,2022,3246,635412045,E,Major
Unholy feat Kim Petras,Sam Smith Kim Petras,2,2022,8576,1230675890,D,Major
Yandel 150,Yandel Feid,2,2022,3618,585695368,F,Minor
CORAZN VA,Maria Becerra,1,2023,370,43857627,C,Major
Until I Found You with Em Beihold  Em Beihold Version,Em Beihold Stephen Sanchez,2,2022,2790,600976848,A,Major
Novidade na ,Mc Livinho DJ Matt D,2,2023,267,39709092,F,Major
Back To December Taylors Version,Taylor Swift,1,2023,139,39228929,D,Major
STAY with Justin Bieber,Justin Bieber The Kid Laroi,2,2021,17050,2665343922,C,Major
El Merengue,Marshmello Manuel Turizo,2,2023,2114,223633238,G,Minor
Me Porto Bonito,Chencho Corleone Bad Bunny,2,2022,8870,1440757818,C,Minor
Fast Car,Luke Combs,1,2023,1446,157058870,G,Major
What It Is Solo Version,Doechii,1,2023,804,95131998,C,Minor
Coco Chanel,Bad Bunny Eladio Carrion,2,2023,1962,250305248,D,Major
Still With You,Jung Kook,1,2020,31,38411956,C,Minor
All My Life feat J Cole,J Cole Lil Durk,2,2023,2175,144565150,D,Major
Say Yes To Heaven,Lana Del Rey,1,2023,2000,127567540,F,Minor
Snooze,SZA,1,2022,2839,399686758,F,Major
Take Two,BTS,1,2023,674,118482347,G,Major
Too Many Nights feat Don Toliver  with Future,Future Metro Boomin Don Toliver,3,2022,2110,286400165,G,Minor
Chemical,Post Malone,1,2023,2528,172825906,D,Major
New Jeans,NewJeans,1,2023,77,29562220,E,Minor
Primera Cita,Carin Leon,1,2022,266,77309611,A,Major
Bones,Imagine Dragons,1,2021,4198,838079900,F,Minor
Tak Segampang Itu,Anggi Marito,1,2022,213,179659294,F,Major
LAGUNAS,Jasiel Nuez Peso P,2,2023,58,39058561,B,Major
Mine Taylors Version,Taylor Swift,1,2023,99,36912123,G,Major
Tattoo,Loreen,1,2023,2988,201660859,D,Minor
Rara Vez,Taiu Milo j,2,2023,893,248088961,F,Minor
VAGABUNDO,Sebastian Yatra Manuel Turizo Be,3,2023,1094,90839753,B,Minor
august,Taylor Swift,1,2020,7324,607123776,F,Major
LUNA,Junior H Peso Pluma,2,2023,201,55842345,A,Minor
Miracle with Ellie Goulding,Calvin Harris Ellie Goulding,2,2023,5120,211050784,A,Major
Nonsense,Sabrina Carpenter,1,2022,2346,342897938,G,Major
Que Vuelvas,Carin Leon Grupo Frontera,2,2022,763,2762,A,Major
Por las Noches,Peso Pluma,1,2021,457,330346424,nan,Major
Feliz Cumpleaos Fe,Feid,1,2022,3430,601863821,F,Major
Rauw Alejandro Bzrp Music Sessions Vol 56,Rauw Alejandro Bizarrap,2,2023,871,66902503,B,Major
Queencard,GIDLE,1,2023,451,96273746,E,Minor
OMG,NewJeans,1,2023,1783,430977451,A,Minor
Shakira Bzrp Music Sessions Vol 53,Shakira Bizarrap,2,2023,5724,721975598,D,Minor
Calling SpiderMan Across the SpiderVerse Metro Boomin  Swae Lee NAV feat A Boogie Wit da Hoodie,Swae Lee A Boogie Wit da Hoodie Metro Boomin NAV,4,2023,1051,109276132,nan,Major
Trance with Travis Scott  Young Thug,Travis Scott Young Thug Metro Boomin,3,2022,1682,276259178,C,Minor
Tere Vaaste From Zara Hatke Zara Bachke,SachinJigar Shadab Faridi Altamash Faridi Amitabh Bhattacharya Varun Jain,5,2023,182,54225632,G,Minor
Romantic Homicide,d4vd,1,2022,2335,681583126,F,Major
Novo Balan,Veigh Bvga Beatz Supernova Ent Prod Malax,4,2023,283,81102253,D,Minor
Gol Bolinha Gol Quadrado 2,Mc Pedrinho DJ 900,2,2023,293,11956641,B,Minor
QUEMA,Sog Ryan Castro Peso Pluma,3,2023,437,11599388,nan,Major
Ojitos Lindos,Bomba Estreo Bad B,2,2022,6135,1133865788,D,Minor
El Gordo Trae El Mando,Chino Pacas,1,2023,539,255932395,G,Minor
Mi Bello Angel,Natanael Cano,1,2023,86,31873544,A,Minor
Bye,Peso Pluma,1,2023,324,95053634,nan,Major
Nosso Quadro,Ana Castela AgroPlay,2,2023,894,233801632,A,Major
Un Finde  CROSSOVER 2,Big One FMK Ke personajes,3,2023,561,142095275,B,Major
Jimmy Cooks feat 21 Savage,Drake 21 Savage,2,2022,5871,618885532,nan,Major
Ghost,Justin Bieber,1,2021,5866,1167330737,D,Major
PRC,Natanael Cano Peso Pluma,2,2023,961,436027885,G,Minor
Save Your Tears,The Weeknd,1,2020,12688,1591223784,nan,Major
Am I Dreaming Metro Boomin  AAP Rocky Roisee,AAP Rocky Metro Boomin Roisee,3,2023,727,94186466,A,Minor
SNAP,Rosa Linn,1,2022,3202,726307468,nan,Major
Fin de Semana,Oscar Maydon Junior H,2,2023,592,307370144,nan,Major
Cheques,Shubh,1,2023,67,47956378,E,Minor
Bebe Dame,Fuerza Regida Grupo Frontera,2,2022,849,367316268,G,Major
You Belong With Me Taylors Ve,Taylor Swift,1,2021,2619,350381515,F,Major
Titi Me Pregunt,Bad Bunny,1,2022,9037,1264310836,F,Minor
Better Than Revenge Taylors Version,Taylor Swift,1,2023,86,30343206,B,Minor
Shut up My Moms Calling,Hotel Ugly,1,2020,1788,405136812,A,Minor
POLARIS  Remix,Feid Mora Saiko Quevedo,4,2023,773,57312735,G,Minor
Ditto,NewJeans,1,2022,1154,397582059,F,Minor
Annihilate SpiderMan Across the SpiderVerse Metro Boomin  Swae Lee Lil Wayne Offset,Swae Lee Lil Wayne Offset Metro Boomin,4,2023,551,86773632,B,Minor
Angel Pt 1 feat Jimin of BTS JVKE  Muni Long,Kodak Black NLE Choppa Muni Long JVKE Jimin,5,2023,577,133753727,A,Minor
Acrs,Shakira,1,2023,955,123124076,B,Major
AMG,Natanael Cano Gabito Ballesteros Peso Pluma,3,2022,995,463564958,B,Minor
Phir Aur Kya Chahiye From Zara Hatke Zara Bachke,Arijit Singh SachinJigar Amitabha Bhattacharya,3,2023,178,64533040,E,Major
SClass,Stray Kids,1,2023,290,65496046,F,Minor
Hits Different,Taylor Swift,1,2023,547,68616963,F,Major
Chanel,Becky G Peso Pluma,2,2023,681,161460990,D,Major
Self Love SpiderMan Across the SpiderVerse Metro Boomin  Coi Leray,Metro Boomin Coi Leray,2,2023,332,70106975,A,Major
Area Codes,Kaliii Kaliii,2,2023,1197,113509496,C,Major
Abcdario,Junior H Eden Mu,2,2023,262,89933133,G,Major
Obsessed,Abhijay Sharma Riar Saab,2,2022,161,71007139,F,Minor
Piman De,Semicenk Dou ,2,2023,185,43522589,A,Minor
FLOWER,JISOO,1,2023,839,232896922,A,Minor
All The Way Live SpiderMan Across the SpiderVerse Metro Boomin  Future Lil Uzi Vert,Future Lil Uzi Vert Metro Boomin,3,2023,259,37126685,A,Minor
Eyes Closed,Ed Sheeran,1,2023,2915,195576623,D,Major
Escapism,RAYE 070 Shake,2,2022,5129,532336353,D,Major
La Jumpa,Arcangel Bad Bunny,2,2022,3794,538115192,G,Major
Karma feat Ice Spice,Taylor Swift Ice Spice,2,2023,588,46142772,G,Major
Superhero Heroes  Villains with Future  Chris Brown,Future Chris Brown Metro Boomin,3,2022,2959,401036314,F,Minor
Las Morras,BLESSD Peso Pluma,2,2023,291,127026613,A,Minor
CHORRITO PA LAS ANIMAS,Feid,1,2022,2321,345031710,G,Minor
Ch y la Pizza,Fuerza Regida Natanael Cano,2,2022,536,288101651,G,Major
Snow On The Beach feat More Lana Del Rey,Lana Del Rey Taylor Swift,2,2023,359,60350538,F,Minor
Players,Coi Leray,1,2022,4096,335074782,F,Major
Bite Me,ENHYPEN,1,2023,349,76767396,C,Major
Stand By Me feat Morgan Wallen,Lil Durk Morgan Wallen,2,2023,381,46065667,B,Major
Normal,Feid,1,2022,2461,459276435,E,Minor
Hummingbird Metro Boomin  James Blake,James Blake Metro Boomin,2,2023,277,39666245,F,Major
Seu Brilho Sumiu  Ao Vivo,Israel  Rodolffo Mari Fernandez,2,2023,967,138517666,F,Major
Bad Habit,Steve Lacy,1,2022,8186,822633917,C,Major
CUFF IT,Beyonc,1,2022,7842,595900742,G,Major
Lilith feat SUGA of BTS Diablo IV Anthem,Halsey Suga,2,2023,215,51985779,A,Minor
69,Nicky Jam Feid,2,2023,1134,57945987,G,Major
Nia Bo,Sean Paul Feid,2,2023,1305,115010040,G,Major
Search  Rescue,Drake,1,2023,2066,175097833,A,Minor
AMERICA HAS A PROBLEM feat Kendrick Lamar,Kendrick Lamar Beyonc,2,2023,896,57089066,C,Major
Lavender Haze,Taylor Swift,1,2022,3763,488386797,A,Major
Link Up Metro Boomin  Don Toliver Wizkid feat BEAM  Toian  SpiderVerse Remix SpiderMan Across the SpiderVerse ,WizKid Toian Metro Boomin Don Toliver Beam,5,2023,197,32761689,F,Major
Efecto,Bad Bunny,1,2022,4004,1047480053,G,Minor
Erro Gostoso  Ao Vivo,Simone Mendes,1,2023,984,153454328,F,Major
Cupido,Tini,1,2023,1240,217672943,A,Major
Just Wanna Rock,Lil Uzi Vert,1,2022,3995,457184829,B,Major
Until I Found You,Stephen Sanchez,1,2021,4427,726434358,A,Major
Rich Flex,Drake 21 Savage,2,2022,4657,573633020,B,Minor
Easy On Me,Adele,1,2021,10195,1406111294,F,Major
Carto B,MC Caverinha KayBlack,2,2023,269,71573339,A,Minor
Danger Spider Offset  JID,Offset JID,2,2023,214,24975653,B,Major
Oi Balde  Ao Vivo,Z Neto  Crist,1,2023,845,145458418,D,Major
MERCHO,Migrantes LiL CaKe Nico Valdi,3,2022,1267,231332117,F,Minor
The Color Violet,Tory Lanez,1,2021,2585,415932686,F,Minor
Glimpse of Us,Joji,1,2022,6330,988515741,G,Major
Mejor Que Yo,Mambo Kingz DJ Luian Anuel Aa,3,2023,675,50847624,C,Minor
Curtains,Ed Sheeran,1,2023,715,39893489,F,Minor
UNFORGIVEN feat Nile Rodgers,Nile Rodgers LE SSERAFIM,2,2023,327,92035115,E,Minor
Haegeum,Agust D,1,2023,244,118810253,G,Major
Conexes de Mfia feat Rich ,Rich The Kid Matu,2,2023,385,77233241,F,Minor
MIENTRAS ME CURO DEL CORA,Karol G,1,2023,1020,206399629,nan,Major
Never Felt So Alone,Labrinth,1,2023,1730,117747907,F,Major
X SI VOLVEMOS,Karol G Romeo Santos,2,2023,2127,266624541,C,Minor
ceilings,Lizzy McAlpine,1,2022,3242,293186992,A,Major
Cupid,Fifty Fifty,1,2023,526,139681964,D,Major
I AM,IVE,1,2023,366,123132751,E,Minor
Shorty Party,Cartel De Santa La Kelly,2,2023,432,162887075,D,Major
Super,SEVENTEEN,1,2023,271,91221625,G,Major
Slut Me Out,NLE Choppa,1,2022,816,190490915,F,Minor
Double Fantasy with Future,The Weeknd Future,2,2023,1169,96180277,A,Minor
PROVENZA,Karol G,1,2022,6587,885093467,C,Major
Princess Diana with Nicki Minaj,Nicki Minaj Ice Spice,2,2023,1444,104992946,A,Major
Di Que Si,Grupo Marca Registrada Grupo Frontera,2,2023,356,147290338,A,Major
Shivers,Ed Sheeran,1,2021,10147,1302184087,D,Major
Igualito a Mi Ap,Fuerza Regida Peso Pluma,2,2022,265,158950978,E,Minor
Shoong feat LISA of BLACKPINK,TAEYANG Lisa,2,2023,351,76910644,B,Minor
Komang,Raim Laode,1,2022,158,137123880,G,Major
DESPECH,ROSAL,1,2022,7613,782369383,G,Major
Made You Look,Meghan Trainor,1,2022,3956,502574952,A,Major
Watch This  ARIZONATEARS Pluggnb Remix,sped up nightcore ARIZONATEARS Lil Uzi Vert,3,2023,1638,207033255,B,Minor
No Se Va,Grupo Frontera,1,2022,924,404887295,nan,Major
Punto G,Quevedo,1,2022,1985,381161027,B,Minor
METAMORPHOSIS,INTERWORLD,1,2021,1561,357580552,G,Minor
Mami Chula,Quevedo Jhayco,2,2023,875,61105704,G,Minor
En Paris,El Chachito Junior H,2,2022,406,198275403,D,Minor
Set Me Free Pt2,Jimin,1,2023,340,168448603,nan,Minor
Dont ever say love me feat RM of BTS,RM Colde,2,2023,105,34502215,B,Minor
Shut Down,BLACKPINK,1,2022,1524,482175240,nan,Major
Gato de Noche,Nengo Flow Bad Bunny,2,2022,2651,304118600,G,Major
Like Crazy English Version,Jimin,1,2023,373,173627354,G,Major
Rosa Pastel,Jasiel Nuez Peso P,2,2023,200,90025258,G,Minor
Sunroof,Nicky Youre Dazy,2,2021,3741,652704649,A,Major
Mas Rica Que Ayer,Mambo Kingz DJ Luian Anuel Aa,3,2023,1208,146409671,B,Major
People Pt2 feat IU,IU Agust D,2,2023,209,95816024,G,Minor
REMIX EXCLUSIVO,Feid,1,2023,1235,117206995,F,Minor
Arcngel Bzrp Music Sessions Vol,Arcangel Bizarrap,2,2023,654,100409613,B,Minor
DOGTOOTH,Tyler The Creator,2,2023,1479,80758350,G,Major
1035,Tisto Tate M,2,2022,4942,325592432,G,Major
SORRY NOT SORRY,Tyler The Creator,2,2023,709,58473276,F,Minor
HAPPY,NF,1,2023,660,52722996,G,Major
La Bebe,Yng Lvcas,1,2021,489,191945597,D,Minor
I Know  PR1SVX Edit,Kanii PR1ISVX,2,2023,407,77377503,B,Minor
Late Night Talking,Harry Styles,1,2022,7461,743693613,A,Major
Le,Marlia Mendo,1,2022,993,267789608,F,Major
Save Your Tears with Ariana Grande Remix,Ariana Grande The Weeknd,2,2020,9161,1221813483,nan,Major
Something in the Orange,Zach Bryan,1,2022,3282,449701773,G,Major
VOID,Melanie Martinez,1,2023,596,67070410,A,Major
Dijeron Que No La Iba Lograr,Fuerza Regida Chino Pacas,2,2023,320,116334601,G,Minor
Midnight Rain,Taylor Swift,1,2022,2612,433356509,nan,Major
If We Ever Broke Up,Mae Stephens,1,2023,2040,165584767,G,Major
You Proof,Morgan Wallen,1,2022,2128,367814306,A,Major
LA INOCENTE,Feid Mora,2,2022,2598,477033549,F,Minor
Malas Decisiones,Kenia OS,1,2022,542,156214700,G,Minor
Murder In My Mind,Kordhell,1,2022,2459,448843705,A,Major
CAIRO,Karol G Ovy On The Drums,2,2022,2418,294352144,F,Minor
Peaches from The Super Mario Bros Movie,Jack Black,1,2023,34,68216992,A,Minor
Marisola  Remix,Duki NICKI NICOLE Cris Mj Standly Stars Music Chile,5,2022,1845,223582566,C,Major
LOKERA,Brray Rauw Alejandro Lyanno,3,2022,3301,471819764,B,Minor
Low,SZA,1,2022,1911,272377463,nan,Minor
Tormenta feat Bad Bunny,Gorillaz Bad Bunny,2,2023,1529,149778242,nan,Major
on the street with J Cole,jhope J Cole,2,2023,615,116599790,B,Minor
One Thing At A Time,Morgan Wallen,1,2022,811,148469433,G,Major
Miss You,Robin Schulz Oliver Tree,2,2022,5730,497225336,F,Minor
Aint Tha,Morgan Wallen,1,2023,356,88791109,F,Minor
Thinkin B,Morgan Wallen,1,2023,604,125917280,D,Minor
Private Landing feat Justin Bieber  Future,Don Toliver Future Justin Bieber,3,2023,1190,105062254,C,Minor
Everything I Love,Morgan Wallen,1,2023,579,95623148,G,Major
Heaven,Niall Horan,1,2023,1553,144584800,F,Major
LET GO,Central Cee,1,2022,2301,298063749,D,Minor
Sial,Mahalini,1,2023,134,166570053,D,Major
I Wrote The Book,Morgan Wallen,1,2023,430,83021468,D,Major
Apna Bana Le From Bhediya,Arijit Singh SachinJigar,2,2022,86,139836056,A,Major
SPIT IN MY FACE,ThxSoMch,1,2022,629,303216294,G,Major
PLAYA DEL INGL,Myke Towers Quevedo,2,2022,1701,221409663,G,Minor
Man Made A Bar feat Eric Church,Morgan Wallen Eric Church,2,2023,329,58890931,E,Major
Red Ruby Da Sleeze,Nicki Minaj,1,2023,1168,81419389,C,Major
Kahani Suno 20,Kaifi Khalil,1,2022,162,156777415,B,Major
Nobody Gets Me,SZA,1,2022,2536,284908316,G,Major
PERO T,Karol G Quevedo,2,2023,387,93438910,F,Major
Hype Boy,NewJeans,1,2022,892,363472647,E,Minor
Monoton,Ozuna Shakira,2,2022,3645,380726517,nan,Minor
98 Braves,Morgan Wallen,1,2023,282,56533272,D,Major
WANDA,Quevedo,1,2023,888,175399345,E,Minor
Thought You Should Know,Morgan Wallen,1,2022,968,203221468,F,Major
Zona De Perigo,Leo Santana,1,2022,531,134294498,F,Major
Lovezinho,Treyce,1,2022,242,70069745,E,Minor
I Like You A Happier Song with Doja Cat,Post Malone Doja Cat,2,2022,5281,609293408,F,Major
Neverita,Bad Bunny,1,2022,2590,671365962,A,Major
Vista Al Mar,Quevedo,1,2022,1769,362361576,nan,Minor
Sem Aliana no ,MC Xenon Os Gemeos da Putaria,2,2022,454,93587665,C,Major
Enemy with JID  from the series Arcane League of Legends,Imagine Dragons League of Legends JID Arcane,4,2021,6180,1223481149,B,Minor
Bombonzinho  Ao Vivo,Israel  Rodolffo Ana Castela,2,2022,1254,263453310,C,Major
Qu Ago,Yuridia Angela Aguilar,2,2022,660,236857112,B,Major
Love Again,The Kid Laroi,1,2023,1283,147538971,B,Minor
After Hours,The Weeknd,1,2020,8084,698086140,F,Minor
About Damn Time,Lizzo,1,2022,2332,723894473,A,Minor
Born With A Beer In My Hand,Morgan Wallen,1,2023,203,34450974,nan,Major
Besos Moja2,Wisin  Yandel ROSAL,2,2022,2460,309483971,F,Minor
Maan Meri Jaan,King,1,2022,288,319566866,F,Minor
Moscow Mule,Bad Bunny,1,2022,4572,909001996,F,Minor
My Universe,Coldplay BTS,2,2021,6127,1061966512,A,Major
Devil Don,Morgan Wallen,1,2023,166,32526947,nan,Major
LLYLM,ROSAL,1,2023,1838,124988687,F,Minor
Im Not Here To Make Friends,Sam Smith Calvin Harris Jessie Reyez,3,2023,1890,103787664,nan,Major
TRUSTFALL,Pnk,1,2023,2098,134255790,G,Major
ANTIFRAGILE,LE SSERAFIM,1,2022,761,301051721,A,Minor
Boys a liar,PinkPantheress,1,2022,1225,156338624,F,Major
VIBE feat Jimin of BTS,TAEYANG Jimin,2,2023,415,152850295,nan,Major
Shirt,SZA,1,2022,3469,309653982,D,Minor
Lift Me Up  From Black Panther Wakanda Forever  Music From and Inspired By,Rihanna,1,2022,3311,297328960,A,Major
STAR WALKIN League of Legends Worlds Anthem,Lil Nas X,1,2022,2616,332506354,D,Minor
Calm Down,R,1,2022,4013,445763624,B,Major
Jhoome Jo Pathaan,Arijit Singh Vishal Dadlani Sukriti Kakar VishalShekhar Shekhar Ravjiani Kumaar,6,2022,138,1365184,G,Major
Escapism  Sped Up,RAYE 070 Shake,2,2022,1368,184308753,F,Minor
Dreamers Music from the FIFA World Cup Qatar 2022 Official Soundtrack,BTS Jung Kook FIFA Sound,3,2022,889,323358833,nan,Major
Te Felicito,Shakira Rauw Alejandro,2,2022,4796,606361689,F,Major
Mu,Steve Aoki Tini La Joaqui,3,2023,658,120972253,A,Minor
TV,Billie Eilish,1,2022,3009,338564981,E,Minor
Heather,Conan Gray,1,2020,6170,1301799902,F,Major
Besharam Rang From Pathaan,VishalShekhar Shilpa Rao Caralisa Monteiro Kumaar Vishal Dadlani Shekhar Ravjiani,6,2022,130,140187018,G,Minor
Sugar Rush Ride,TOMORROW X TOGETHER,1,2023,359,107642809,A,Minor
Pink Venom,BLACKPINK,1,2022,1963,551305895,nan,Major
WAIT FOR U feat Drake  Tems,Drake Future Tems,3,2022,5491,556585270,C,Major
Eu Gosto Assim  Ao Vivo,Gustavo Mioto Mari Fernandez,2,2022,1473,222612678,nan,Major
INDUSTRY BABY feat Jack Harlow,Jack Harlow Lil Nas X,2,2021,13315,1814349763,D,Minor
MIDDLE OF THE NIGHT,Elley Duh,1,2020,4057,872137015,E,Minor
PUNTO 40,Baby Rasta Rauw Alejandro,2,2022,3006,304079786,nan,Major
Evoque Prata,DJ Escobar MC MENOR SG MC MENOR HR,3,2022,852,174006928,G,Major
How Do I Say Goodbye,Dean Lewis,1,2022,2163,284785823,G,Major
Blind,SZA,1,2022,1484,163284000,A,Minor
Die For You,Joji,1,2022,1703,246390068,G,Major
Doja,Central Cee,1,2022,4169,482257456,F,Major
Gatita,Bellakath,1,2022,1054,168684524,G,Major
Rumble,Skrillex Flowdan Fred again,3,2022,2849,78489819,C,Minor
Niagara Falls Foot or 2 with Travis Scott  21 Savage,Travis Scott 21 Savage Metro Boomin,3,2022,1602,195516622,G,Minor
Yonaguni,Bad Bunny,1,2021,9644,1260594497,C,Major
Super Freaky Girl,Nicki Minaj,1,2022,4827,428685680,D,Major
Limbo,Freddie Dredd,1,2022,688,199386237,B,Minor
Where Are You Now,Lost Frequencies Calum Scott,2,2021,10565,972509632,F,Minor
WORTH NOTHING,Twisted Oliver Tree,2,2022,1612,213438580,D,Minor
Bad Habits,Ed Sheeran,1,2020,12755,1555511105,B,Minor
KICK BACK,Kenshi Yonezu,1,2022,574,210038833,C,Major
Evergreen You Didnt Deserve Me A,Omar Apollo,1,2022,2499,227918678,A,Major
Good Days,SZA,1,2020,10426,826623384,C,Minor
Levitating feat DaBaby,Dua Lipa DaBaby,2,2020,15894,1802514301,F,Minor
Woman,Doja Cat,1,2021,9424,1329090101,F,Minor
Shut up My Moms Calling  Sped Up,Hotel Ugly,1,2022,713,181831132,F,Minor
Ferrari,James Hype Miggy Dela Rosa,2,2022,7758,462791599,C,Minor
Youre On Your Own Kid,Taylor Swift,1,2022,2537,348647203,D,Major
Kesariya From Brahmastra,Pritam Arijit Singh Amitabh Bhattacharya,3,2022,292,366599607,nan,Major
Seek  Destroy,SZA,1,2022,1007,98709329,C,Major
Love Language,SZA,1,2022,1127,110849052,A,Minor
Used feat Don Toliver,SZA Don Toliver,2,2022,1042,94005786,A,Minor
Ghost in the Machine feat Phoebe Bridgers,SZA Phoebe Bridgers,2,2022,1634,110073250,F,Major
Special,SZA,1,2022,906,88092256,nan,Major
SOS,SZA,1,2022,827,73981293,G,Minor
Open Arms feat Travis Scott,SZA Travis Scott,2,2022,1420,155653938,A,Major
Gone Girl,SZA,1,2022,892,65362788,F,Major
F2F,SZA,1,2022,989,67540165,D,Major
Notice Me,SZA,1,2022,819,62019074,F,Major
Antidepresan,Mabel Matiz Mert Demir,2,2022,313,136689549,B,Minor
Wild Flower with youjeen,RM,1,2022,353,135611421,G,Major
I Hate U,SZA,1,2021,4094,356709897,G,Minor
Raindrops Insane with Travis Scott,Travis Scott Metro Boomin,2,2022,880,110649992,G,Major
SPIT IN MY FACE,ThxSoMch,1,2022,573,301869854,C,Major
Smoking on my Ex Pack,SZA,1,2022,811,57144458,G,Major
Conceited,SZA,1,2022,899,56870689,C,Major
Snow On The Beach feat Lana Del Rey,Taylor Swift Lana Del Rey,2,2022,2415,323437194,A,Major
Maroon,Taylor Swift,1,2022,2304,317726339,G,Major
Tubaro Te,Dj LK da Esccia Tchakabum mc jhenny M,4,2022,1003,116144341,E,Minor
Bejeweled,Taylor Swift,1,2022,2699,328207708,G,Major
Tarot,Bad Bunny Jhay Cortez,2,2022,2482,608228647,B,Minor
Desesperados,Chencho Corleone Rauw Alejandro,2,2021,6821,809306935,C,Minor
Too Late,SZA,1,2022,714,49262961,B,Major
Party,Bad Bunny Rauw Alejandro,2,2022,3185,614555082,A,Major
Far,SZA,1,2022,680,51641685,D,Major
On Time with John Legend,John Legend Metro Boomin,2,2022,398,78139948,F,Minor
GAT,Maldy Karol G,2,2022,3328,322336177,B,Minor
abcdefu,Gayle,1,2021,7215,1007612429,E,Major
Sacrifice,The Weeknd,1,2022,4440,326792833,G,Major
Is There Someone Else,The Weeknd,1,2022,2881,391251368,A,Minor
Fingers Crossed,Lauren Spencer Smith Lauren Spencer Smith Lauren Spencer Smith,3,2022,2235,349585590,F,Major
Out of Time,The Weeknd,1,2022,3711,339659802,nan,Minor
Do It To It,Cherish ACRAZE,2,2021,12403,674772936,B,Minor
We Dont Talk About Bruno,Adassa Mauro Castillo Stephanie Beatriz Encanto  Cast Rhenzy Feliz Diane Guerrero Carolina Gaitan,7,2021,2785,432719968,nan,Minor
Pepas,Farruko,1,2021,14114,1309887447,G,Major
How Do I Make You Love Me,The Weeknd,1,2022,1915,119238316,G,Minor
Gasoline,The Weeknd,1,2022,2297,116903579,F,Minor
Less Than Zero,The Weeknd,1,2022,2800,200660871,nan,Major
Take My Breath,The Weeknd,1,2021,2597,130655803,A,Minor
good 4 u,Olivia Rodrigo,1,2021,15563,1887039593,F,Minor
Here We Go Again feat Tyler the Cr,The Weeknd Tyler The Creator,3,2022,1420,88103848,C,Major
Best Friends,The Weeknd,1,2022,1292,101114984,E,Minor
Kiss Me More feat SZA,SZA Doja Cat,2,2021,15867,1575467011,G,Major
I Heard Youre Married feat Lil Wayne,The Weeknd Lil Wayne,2,2022,1178,91656026,D,Major
Need To Know,Doja Cat,1,2021,6672,1042568408,C,Major
MONTERO Call Me By Your Name,Lil Nas X,1,2020,12329,1735441776,G,Minor
Dawn FM,The Weeknd,1,2022,811,53933526,A,Minor
Surface Pressure,Jessica Darrow,1,2021,1756,267758538,D,Major
Starry Eyes,The Weeknd,1,2022,1014,74601456,A,Minor
THATS WHAT I WANT,Lil Nas X,1,2021,7963,920797189,C,Minor
One Right Now with The Weeknd,The Weeknd Post Malone,2,2021,4771,539595276,C,Major
Mon Amour  Remix,Aitana zzoilo,2,2020,3221,578207856,D,Major
Lo Siento BB with Bad Bunny  Julieta Venegas,Julieta Venegas Bad Bunny Tainy,3,2021,3423,775542072,E,Minor
MONEY,Lisa,1,2021,2566,863625566,C,Minor
The Motto,Tisto Ava,2,2021,9151,656013912,G,Minor
Happier Than Ever,Billie Eilish,1,2021,8476,1056760045,nan,Major
Moth To A Flame with The Weeknd,The Weeknd Swedish House Mafia,2,2021,7495,611994237,nan,Minor
traitor,Juan Cruz Toledo Huilen Toledo,2,2021,5257,1230855859,D,Major
Toxic,BoyWithUke,1,2021,1795,582981380,G,Minor
drivers license,Olivia Rodrigo,1,2021,12685,1858144199,A,Major
Malvad,Xam Gustah Neo B,3,2021,648,240684449,F,Minor
All Too Well 10 Minute Version Taylors Version From The Vault,Taylor Swift,1,2021,4635,583687007,nan,Major
Dont Break My,The Weeknd,1,2022,1184,63803529,A,Major
Oh My God,Adele,1,2021,4431,466214729,C,Major
Entre Nosotros Remix con Nicki Nicole,Lit Killah Maria Becerra Tiago pzk NICKI NICOLE,4,2022,759,236940480,F,Minor
A Tale By Quincy,The Weeknd,1,2022,733,41924466,F,Minor
I AM WOMAN,Emmy Meli,1,2021,2795,225259194,A,Major
Medallo,Justin Quiles Lenny Tavrez BL,3,2021,2780,393230256,E,Minor
Itll Be Okay,Shawn Mendes,1,2021,1950,287201015,G,Major
Super Gremlin,Kodak Black,1,2021,2551,342779426,D,Major
Volv,Aventura Bad Bunny,2,2021,5375,673801126,C,Major
Todo De Ti,Rauw Alejandro,1,2020,11975,1168642797,D,Minor
Smokin Out The Window,Bruno Mars Anderson Paak Silk Sonic,3,2021,4963,383550148,D,Major
Meet Me At Our Spot,THE ANXIETY Willow Tyler Cole,3,2020,6734,530511203,D,Major
Every Angel is Terrifying,The Weeknd,1,2022,715,37307967,nan,Major
Tacones Rojos,Sebastian Yatra,1,2021,3047,510876816,B,Minor
Peaches feat Daniel Caesar  Giveon,Justin Bieber Daniel Caesar Giveon,3,2021,14140,1445941661,nan,Major
Dakiti,Bad Bunny Jhay Cortez,2,2020,11215,1763363713,E,Minor
Tiago PZK Bzrp Music Sessions Vol 48,Bizarrap Tiago pzk,2,2021,1678,374191487,C,Minor
L,Stromae,1,2022,2035,108809090,D,Minor
Nostl,Chris Brown Rvssian Rauw Alejandro,3,2021,2780,436695353,A,Minor
Better Days NEIKED x Mae Muller x Polo G,NEIKED Mae Muller Polo G,3,2021,4091,421040617,nan,Minor
Life Goes On,Oliver Tree,1,2020,2868,501541661,nan,Major
Sad Girlz Luv Money Remix feat Kali Uchis,Kali Uchis Amaarae Moliy,3,2021,3643,354065229,C,Minor
Butter,BTS,1,2021,4779,1143647827,G,Major
pushin P feat Young Thug,Young Thug Future Gunna,3,2022,3517,311395144,C,Minor
You Right,Doja Cat The Weeknd,2,2021,5073,672656250,G,Major
deja vu,Olivia Rodrigo,1,2021,7545,1256880657,A,Major
Dynamite,BTS,1,2020,8528,1692897992,F,Minor
TO THE MOON,Jnr Choi,1,2021,2979,245095641,D,Major
Salimo de Noche,Trueno Tiago pzk,2,2021,1057,261414174,D,Major
Volando  Remix,Sech Bad Bunny Mora,3,2021,3272,610045621,F,Major
Leave The Door Open,Bruno Mars Anderson Paak Silk Sonic,3,2021,14417,1115880852,F,Major
Knife Talk with 21 Savage ft Project Pat,Drake Project Pat 21 Savage,3,2021,5199,594482982,F,Minor
Dont Be Shy,Tisto Kar,2,2021,6026,566954746,B,Minor
LA FAMA with The Weeknd,The Weeknd ROSAL,2,2021,4640,374706940,nan,Minor
The Family Madrigal,Olga Merediz Stephanie Beatriz Encanto  Cast,3,2021,1150,184937148,C,Major
Phantom Regret by Jim,The Weeknd,1,2022,768,31959571,A,Minor
Dos Oruguitas,Sebastian Yatra,1,2021,925,167076418,nan,Major
Acapulco,Jason Derulo,1,2021,3098,363467642,A,Major
thought i was playing,21 Savage Gunna,2,2022,807,60680939,C,Major
ELEVEN,IVE,1,2021,521,247737946,A,Major
Mood feat Iann Dior,24kgoldn Iann Dior,2,2020,12854,1699402402,G,Minor
What Else Can I Do,Stephanie Beatriz Diane Guerrero,2,2021,802,154797871,E,Major
DANCE CRIP,Trueno,1,2021,731,198883004,nan,Major
Miserable Man,David Kushner,1,2022,788,124407432,A,Major
happier,Olivia Rodrigo,1,2021,3069,850608354,F,Major
Praise God,Kanye West,1,2021,4651,376333030,C,Major
Get Into It Yuh,Doja Cat,1,2021,4999,516784627,G,Minor
Sky,Playboi Carti,1,2020,3297,506778838,D,Major
Sobrio,Maluma,1,2021,3506,513643924,F,Major
Peru,Ed Sheeran Fireboy DML,2,2021,2999,261286503,G,Minor
favorite crime,Olivia Rodrigo,1,2021,3681,783706581,A,Major
Thunder,Prezioso Gabry Ponte LUMX,3,2021,4846,422691058,C,Major
The Business,Ti,1,2020,14311,1062345656,G,Minor
positions,Ariana Grande,1,2020,8207,1252563873,nan,Major
I WANNA BE YOUR SLAVE,Mne,1,2021,4873,851070493,C,Major
Vai L Em Casa ,Marlia Mendona George Henrique ,2,2021,772,263894529,G,Minor
The Feels,TWICE,1,2021,1150,345903614,A,Major
HEARTBREAK ANNIVERSARY,Giveon,1,2020,5398,951637566,nan,Major
OUT OUT feat Charli XCX  Saweetie,Charli XCX Jax Jones Joel Corry Saweetie,4,2021,6890,427486004,G,Minor
2055,Sleepy hallow,1,2021,2226,624515457,F,Minor
Happier Than Ever  Edit,Billie Eilish,1,2021,1959,412795151,nan,Major
Ley Seca,Anuel Aa Jhay Cortez,2,2021,2012,355219175,G,Major
Every Summertime,NIKI,1,2021,1211,290228626,F,Major
you broke me first,Tate McRae,1,2020,6638,1180094974,E,Major
Take My Breath,The Weeknd,1,2021,6392,432702334,G,Major
Way 2 Sexy with Future  Young Thug,Drake Future Young Thug,3,2021,5481,489945871,B,Minor
C,Rauw Alejandro,1,2021,2636,465959382,A,Minor
Enemy  from the series Arcane League of Legends,Imagine Dragons League of Legends Arcane,3,2021,824,1223481149,G,Major
Qu M,J Balvin Maria Becerra,2,2021,8087,720825549,G,Major
Fair Trade with Travis Scott,Drake Travis Scott,2,2021,5403,593917618,C,Major
Bar,Tini LGante,2,2021,755,200972675,C,Major
The Rumbling TV Size,SiM,1,2022,254,71014967,G,Major
family ties with Kendrick Lamar,Kendrick Lamar Baby Keem,2,2021,6308,560222750,C,Major
BlessedCursed,ENHYPEN,1,2022,246,77337771,E,Minor
AM Remix,J Balvin Nio Garcia Bad Bunny,3,2021,6556,528544703,F,Minor
Polaroid Love,ENHYPEN,1,2022,461,211372494,G,Minor
Leave Before You Love Me with Jonas Brothers,Marshmello Jonas Brothers,2,2021,4893,651732901,G,Major
Permission to Dance,BTS,1,2021,1801,608334048,A,Major
Friday feat Mufasa  Hypeman  Dopamine ReEdit,Riton Nightcrawlers Mufasa  Hypeman Dopamine,4,2021,12043,863756573,D,Major
RAPSTAR,Polo G,1,2021,4731,797402345,F,Major
Se Le Ve,Arcangel De La Ghetto Justin Quiles Lenny Tavrez Sech Dalex Dimelo Flow Rich Music,8,2021,1560,223319934,G,Minor
25k jacket feat Lil Baby,Gunna Lil Baby,2,2022,620,54937991,F,Minor
When Im Gone with Katy ,Katy Perry Alesso,2,2021,3270,226897599,nan,Major
EsqueaMe Se For C,Marlia Mendona Maiara ,2,2021,580,258316038,F,Minor
Min,Tini Maria Becerra,2,2021,3406,596152090,D,Major
S,Anuel Aa Myke Towers Jhay Cortez,3,2021,903,177129919,F,Minor
MAMIII,Karol G Becky G,2,2022,6809,716591492,E,Minor
Stay Alive Prod SUGA of BTS,Jung Kook,1,2022,590,246376690,D,Minor
Boyfriend,Dove Cameron,1,2022,3766,496311364,G,Minor
The Joker And The Queen feat Taylor Swift,Ed Sheeran Taylor Swift,2,2022,1430,146789379,nan,Major
Light Switch,Charlie Puth,1,2022,4049,500340342,F,Major
City of Gods,Kanye West Alicia Keys Fivio Foreign,3,2022,2096,107255472,G,Minor
Brividi,Mahmood Blanco,2,2022,1175,135079152,G,Major
shes all i wanna be,Tate McRae,1,2022,2711,343197054,D,Minor
Excuses,Intense AP Dhillon Gurinder Gill,3,2020,272,327498031,F,Minor
Cigarettes,Juice WRLD,1,2021,975,185408548,D,Major
Cay La Noche feat Cruz Cafun Abhir Hathi Bejo EL IMA,Quevedo La Pantera Juseph Cruz Cafun Bjo Abhir Hathi,7,2022,1034,245400167,F,Minor
Down Under feat Colin Hay,Luude Colin Hay,2,2021,3541,252871192,B,Minor
Mujeriego,Ryan Castro,1,2021,1492,231996128,A,Major
Contection,GODZZ Zakaria,2,2020,6955,1180896317,A,Minor
A Tu Merced,Bad Bunny,1,2020,4214,685071800,nan,Major
Numb Little Bug,Em Beihold,1,2022,2026,258714692,G,Minor
212,Mainstreet Chefin,2,2022,352,143139338,D,Minor
Problem,Alvaro Diaz Rauw Alejandro,2,2021,1517,209768491,D,Minor
Bussin,Nicki Minaj Lil Baby,2,2022,847,64714573,B,Major
Worst Day,Future,1,2022,910,50746620,C,Major
Malvada,Z Fe,1,2022,601,154119539,F,Minor
Hrs and Hrs,Muni Long,1,2021,1800,181328253,G,Minor
Christmas Tree,V,1,2021,509,317622165,F,Major
Mal Feito  Ao Vivo,Marlia Mendona Hugo  G,2,2022,971,291709698,nan,Minor
Do We Have A Problem,Nicki Minaj Lil Baby,2,2022,1064,81350745,C,Minor
Gospel with Eminem,Eminem Dr Dre,2,2022,1040,64787943,C,Major
La Santa,Daddy Yankee Bad Bunny,2,2020,4890,759208783,C,Major
Sweetest Pie,Dua Lipa Megan Thee Stallion,2,2022,3501,299634472,G,Major
Bam Bam feat Ed Sheeran,Camila Cabello Ed Sheeran,2,2022,6111,756907987,G,Major
Una Noche en Medell,Cris Mj,1,2022,5415,682475162,A,Minor
Envolver,Anitta,1,2021,4673,546191065,E,Minor
Starlight,Dave,1,2022,1856,229473310,G,Major
HatiHati di Jalan,Tulus,1,2022,200,202677468,F,Major
Im Tired  From Euphoria An Original HBO Series,Labrinth,1,2022,1888,121913181,nan,Minor
DANA,Mc Pedrinho Pedro Sampaio,2,2022,911,208166039,A,Minor
Residente Bzrp Music Sessions Vol 49,Residente Bizarrap,2,2022,461,94616487,C,Minor
Jordan,Ryan Castro,1,2021,2844,394030335,A,Minor
Nail Tech,Jack Harlow,1,2022,2939,193443895,E,Minor
Chale,Eden Mu,1,2022,695,299648208,G,Major
DARARI,Treasure,1,2022,328,182978249,nan,Major
Ya No Somos Ni Seremos,Christian Nodal,1,2022,866,319757142,G,Major
Freaky Deaky,Tyga Doja Cat,2,2022,1729,153240879,D,Minor
this is what falling in love feels like,JVKE,1,2021,2005,346127840,B,Major
La Zona,Bad Bunny,1,2020,1188,312622938,C,Minor
Levitating,Dua Lipa,1,2020,9833,797196073,F,Minor
jealousy jealousy,Olivia Rodrigo,1,2021,3257,665765558,A,Minor
Mony so,YEAT,1,2021,1473,263779030,D,Major
Demasiadas Mujeres,C Tangana,1,2020,2226,339473453,A,Minor
OO,NMIXX,1,2022,290,135444283,B,Minor
First Class,Jack Harlow,1,2022,8737,694525298,G,Major
Plan A,Paulo Londra,1,2022,1105,240661097,nan,Major
Fuera del mercado,Danny Ocean,1,2022,2499,421365166,G,Major
X LTIMA,Daddy Yankee Bad Bunny,2,2022,2697,349746291,G,Major
When Youre Gone,Shawn Mendes,1,2022,2092,255120451,F,Major
In My Head,Lil Tjay,1,2022,1185,190981339,C,Major
LOVE DIVE,IVE,1,2022,753,305771063,C,Minor
Pantysito,Feid Alejo Robi,3,2022,2995,273005485,G,Minor
Chance,Paulo Londra,1,2022,225,89566512,C,Minor
psychofreak feat WILLOW,Camila Cabello Willow,2,2022,918,75476209,G,Minor
Angel Baby,Troye Sivan,1,2021,1959,408843328,B,Major
Vampiro,Matu Wiu ,3,2022,540,187772591,G,Minor
Si Quieren Frontear,De La Ghetto Duki Quevedo,3,2022,859,178512385,A,Major
Right On,Lil Baby,1,2022,1116,101780047,D,Major
Me Arrepent,Ak420 Cris Mj Pailita,3,2022,273,118381354,nan,Major
Thats Hilarious,Charlie Puth,1,2022,686,146363130,F,Major
Soy El Unico,Yahritza Y Su Esencia,1,2022,226,126443991,E,Minor
RUMBAT,Daddy Yankee,1,2022,1264,157990698,D,Minor
sentaDONA Remix s2,Lusa Sonza MC Frog Dj Gabriel do Borel Davi K,4,2022,870,176290831,D,Minor
Fim de Semana no Rio,teto,1,2022,315,139193812,C,Minor
MANIAC,Stray Kids,1,2022,651,212234990,C,Major
IDGAF with blackbear,Blackbear BoyWithUke,2,2022,625,197643795,F,Major
Aint Shit,Doja Cat,1,2021,3436,499710590,D,Major
Nobody Like U  From Turning Red,Jordan Fisher Josh Levi Finneas OConnell 4TOWN From Disney and Pixars Turning Red Topher Ngo Grayson Vill,6,2022,918,120847157,A,Minor
Still Life,BIGBANG,1,2022,181,53909146,G,Major
N95,Kendrick Lamar,1,2022,5542,301242089,D,Minor
About Damn Time,Lizzo,1,2022,9021,723894473,A,Minor
Die Hard,Kendrick Lamar Blxst Amanda Reifer,3,2022,4627,237351106,C,Minor
Despus de la P,Bad Bunny,1,2022,2229,461558540,F,Major
Un Ratito,Bad Bunny,1,2022,1112,417230415,nan,Minor
United In Grief,Kendrick Lamar,1,2022,2575,156898322,G,Major
Father Time feat Sampha,Kendrick Lamar Sampha,2,2022,3107,127309180,A,Minor
Yo No Soy Celoso,Bad Bunny,1,2022,1179,313113297,nan,Major
Rich Spirit,Kendrick Lamar,1,2022,3486,173702135,A,Minor
Cooped Up with Roddy Ricch,Post Malone Roddy Ricch,2,2022,2942,271666301,nan,Major
Me Fui de Vacaciones,Bad Bunny,1,2022,1443,305650299,A,Major
Silent Hill,Kendrick Lamar Kodak Black,2,2022,3028,123216717,C,Minor
La Corriente,Tony Dize Bad Bunny,2,2022,1796,479655659,B,Minor
Count Me Out,Kendrick Lamar,1,2022,2729,126191104,G,Major
Andrea,Buscabulla Bad Bunny,2,2022,1195,344055883,C,Minor
Dos Mil 16,Bad Bunny,1,2022,892,338422004,C,Major
We Cry Together,Kendrick Lamar Taylour Paige,2,2022,1635,68895644,B,Major
Savior,Kendrick Lamar Sam Dew Baby Keem,3,2022,2291,86176890,G,Major
Un Coco,Bad Bunny,1,2022,1029,403231558,B,Major
Otro Atardecer,Bad Bunny The Mar,2,2022,1681,319546754,D,Major
Worldwide Steppers,Kendrick Lamar,1,2022,1480,61739839,A,Minor
Aguacero,Bad Bunny,1,2022,829,283359161,F,Minor
Purple Hearts,Kendrick Lamar Ghostface Killah Summer Walker,3,2022,2308,76831876,D,Minor
Un Verano Sin Ti,Bad Bunny,1,2022,1004,283332261,F,Minor
ULTRA SOLO,Polima WestCoast Pailita,2,2022,1367,307752576,C,Major
Ensame ,Bad Bunny,1,2022,1112,279737940,G,Major
El Apag,Bad Bunny,1,2022,1209,212351890,G,Major
Dua Lipa,Jack Harlow,1,2022,1992,150500965,B,Major
Agosto,Bad Bunny,1,2022,897,246127838,C,Minor
Mr Morale,Kendrick Lamar Tanna Leone,2,2022,1860,58687425,A,Major
That That prod  feat SUGA of BTS,PSY Suga,2,2022,802,212109195,E,Major
In The Stars,Benson Boone,1,2022,2224,382199619,A,Major
Rich  Interlude,Kendrick Lamar,1,2022,1103,41210087,G,Major
SUPERMODEL,Mne,1,2022,2265,231657891,G,Major
Stefania Kalush Orchestra,KALUSH,1,2022,555,53729194,D,Major
Thousand Miles,The Kid Laroi,1,2022,2050,244741137,G,Major
Crown,Kendrick Lamar,1,2022,1493,42485571,C,Minor
Auntie Diaries,Kendrick Lamar,1,2022,1545,37778188,G,Major
PUFFIN ON ZOOTIEZ,Future,1,2022,2350,254218729,G,Major
Mirror,Kendrick Lamar,1,2022,1929,53603447,E,Minor
Beautiful Girl,Luciano,1,2022,710,160035717,B,Minor
Paulo Londra Bzrp Music Sessions Vol 23,Bizarrap Paulo Londra,2,2022,928,164163229,nan,Major
Savior  Interlude,Kendrick Lamar,1,2022,1194,37091576,F,Minor
Pasoori,Shae Gill Ali Sethi,2,2022,349,284249832,B,Minor
Mother I Sober feat Beth Gibbons of Portishead,Kendrick Lamar Beth Gibbons,2,2022,1890,33381454,G,Minor
TUS LGR,Sech Mora,2,2022,1308,184622518,C,Major
Where Did You Go,MNEK Jax Jones,2,2022,4531,300983101,A,Major
I Tried to Tell Yall,Ugly Dray Tesla Jnr,2,2022,1657,121077868,B,Major
Honest feat Don Toliver,Justin Bieber Don Toliver,2,2022,1351,106919680,G,Minor
ZOOM,Jessi,1,2022,608,136996305,F,Major
SloMo,Chanel,1,2021,1211,65719930,C,Minor
FEARLESS,LE SSERAFIM,1,2022,629,229497852,G,Major
10 Things I Hate About You,Leah Kate,1,2022,1301,185550869,G,Major
SPACE MAN,Sam Ryder,1,2022,1329,54682594,B,Major
With you,HA SUNG WOON Jimin,2,2022,343,240580042,D,Major
The Heart Part 5,Kendrick Lamar,1,2022,2939,71423324,G,Minor
This Love Taylors Ve,Taylor Swift,1,2022,1492,132171975,E,Major
Flowers,Lauren Spencer Smith,1,2021,801,184826429,D,Major
Yet To Come,BTS,1,2022,829,302006641,C,Major
Run BTS,BTS,1,2022,736,330881149,G,Major
Music For a Sushi Restaurant,Harry Styles,1,2022,4449,334733572,B,Major
Matilda,Harry Styles,1,2022,3218,366214458,D,Major
For Youth,BTS,1,2022,327,114546317,D,Major
Daylight,Harry Styles,1,2022,2775,290833204,nan,Major
Vegas From the Original Motion Picture Soundtrack ELVIS,Doja Cat,1,2022,4576,448500832,G,Minor
Cash In Cash Out,Pharrell Williams Tyler The Creator 21 Savage,4,2022,2313,136676504,G,Major
Potion with Dua Lipa  Young Thug,Calvin Harris Dua Lipa Young Thug,3,2022,3983,190625045,B,Minor
Born Singer,BTS,1,2022,279,79095270,G,Minor
Little Freak,Harry Styles,1,2022,2302,273194684,D,Major
La Llevo Al Cielo Ft engo F,Nengo Flow Anuel Aa Chris Jedi Chencho Corleone,4,2022,3559,333146475,A,Minor
True Love,Kanye West XXXTENTACION,2,2022,2129,194902696,F,Minor
Satellite,Harry Styles,1,2022,3291,311482393,nan,Major
Villano Antillano Bzrp Music Sessions Vol 51,Bizarrap Villano Antillano,2,2022,1401,248511839,C,Minor
Love Of My Life,Harry Styles,1,2022,1933,233671263,G,Major
Grapejuice,Harry Styles,1,2022,1986,199587884,F,Major
So Good,Halsey,1,2022,1057,91781263,D,Minor
Belly Dancer,BYOR Imanbek,2,2022,5115,383835984,C,Major
Keep Driving,Harry Styles,1,2022,2094,236060709,A,Major
Cinema,Harry Styles,1,2022,2171,189236868,A,Minor
Die Young feat 347aidan,Sleepy hallow 347aidan,2,2022,896,160845341,B,Major
Hold My Hand,Lady Gaga,1,2022,2528,238350348,G,Major
Daydreaming,Harry Styles,1,2022,1900,187703102,E,Minor
Numb,Marshmello Khalid,2,2022,3879,295307001,nan,Minor
Nos Comemos feat Ozuna,Ozuna Tiago pzk,2,2022,896,138334433,F,Major
Crazy What Love Can Do,David Guetta Ella Henderson Becky Hill,3,2022,5290,286739476,E,Minor
Antes de Perderte,Duki,1,2022,584,157136970,F,Minor
Boyfriends,Harry Styles,1,2022,1517,137070925,nan,Major
295,Sidhu Moose Wala,1,2021,246,183273246,B,Minor
Tak Ingin Usai,Keisya Levronka,1,2022,220,184807630,nan,Major
En El Radio Un Cochinero,Victor Cibrian,1,2022,514,164856284,F,Minor
BREAK MY SOUL,Beyonc,1,2022,9724,354614964,C,Minor
ULTRA SOLO REMIX,De La Ghetto Feid Polima WestCoast Paloma Mami Pailita,5,2022,2341,279717388,C,Major
Massive,Drake,1,2022,5263,195628667,E,Minor
Betty Get Money,Yung Gravy,1,2022,2402,221752937,C,Major
Ojos Marrones,Lasso,1,2022,795,263280370,G,Minor
POP,Nayeon,1,2022,571,213505179,D,Major
Layla,Schrze DJ R,2,2022,832,130419412,F,Minor
MORE,jhope,1,2022,565,155795783,D,Major
Last Last,Burna Boy,1,2022,4526,293466523,D,Minor
SNAP,Rosa Linn,1,2022,1818,711366595,nan,Major
Sticky,Drake,1,2022,2814,191448892,A,Minor
Hot Shit feat Ye  Lil Durk,Kanye West Lil Durk Cardi B,3,2022,1601,85924992,A,Major
Ai Preto,L7nnon DJ Biel do Furduncinho Bianca,3,2022,894,176103902,F,Major
La Loto,Anitta Tini Becky G,3,2022,945,121189256,C,Major
die first,Nessa Barrett,1,2022,767,131746175,G,Minor
Afraid To Feel,LF System,1,2022,5898,244790012,C,Major
Baile no Morro,Mc Vitin Da Igrejinha MC Tairon DJ Win,3,2022,685,129314708,D,Minor
cmo dormi,Rels B,1,2022,1452,331511413,C,Major
Bad Decisions with BTS  Snoop Dogg,Snoop Dogg BTS Benny Blanco,3,2022,1456,219196651,nan,Major
STAYING ALIVE feat Drake  Lil Baby,Drake DJ Khaled Lil Baby,3,2022,2107,170732845,E,Minor
Caile,Luar La L,1,2020,1494,273914335,nan,Major
Si Te La Encuentras Por Ah,Feid,1,2022,1379,179061440,G,Minor
GIVENCHY,Duki,1,2022,625,185236961,G,Major
ALIEN SUPERSTAR,Beyonc,1,2022,2688,171788484,A,Minor
Attention,NewJeans,1,2022,799,264717480,A,Minor
THE SHADE,Rex Orange County,1,2022,1189,244928911,F,Major
Come Back Home  From Purple Hearts,Sofia Carson,1,2022,367,97610446,G,Major
El Rescate,Grupo Marca Registrada Junior H,2,2022,527,287278853,G,Minor
Stay With Me with Justin Timberlake Halsey  Pharrell,Calvin Harris Halsey Pharrell Williams Justin Timberlake,4,2022,3113,123473120,A,Major
Siempre Pendientes,Peso Pluma Luis R Conriquez,2,2022,685,295152154,nan,Major
JGL,Luis R Conriquez La Adictiva,2,2022,782,323455692,G,Major
Dont You Worry,David Guetta Shakira Black Eyed Peas,3,2022,2442,240918092,B,Major
Pipoco,Melody Ana Castela Dj Chris No Beat,3,2022,1112,191873381,G,Major
Forget Me,Lewis Capaldi,1,2022,2520,239411309,C,Minor
After LIKE,IVE,1,2022,767,265548837,nan,Major
BOTA Baddest Of Them All  Edit,Interplanetary Criminal Eliza Rose,2,2022,5153,244585109,nan,Major
Talk that Talk,TWICE,1,2022,615,189476119,D,Minor
BILLIE EILISH,Armani White,1,2022,2537,277132266,C,Major
Ferxxo 100,Feid,1,2022,1647,278920007,G,Minor
KU LO SA  A COLORS SHOW,Oxlade,1,2022,2019,222410722,A,Minor
Prohibidox,Feid,1,2022,1473,185392587,C,Minor
Static,Steve Lacy,1,2022,1613,202452860,C,Major
Talk,YEAT,1,2022,920,148461629,E,Minor
XQ Te Pones As,Yandel Feid,2,2022,308,47093942,A,Major
Sin Se,Ovy On The Drums Quevedo,2,2022,1097,209106362,B,Minor
Lady Mi Amor,Feid,1,2022,330,53987404,D,Major
Poland,Lil Yachty,1,2022,1584,115331792,F,Minor
THE LONELIEST,Mne,1,2022,1585,225093344,D,Major
Bye Bye,Marshmello Juice WRLD,2,2022,766,84697729,D,Minor
BABY OTAKU,Fran C Polima WestCoast Nickoog Clk Pablito Pesadilla,4,2022,836,159240673,A,Major
Nxde,GIDLE,1,2022,430,170709584,E,Minor
2 Be Loved Am I Ready,Lizzo,1,2022,3682,247689123,G,Major
Celestial,Ed Sheeran,1,2022,1639,176474912,D,Major
Typa Girl,BLACKPINK,1,2022,452,235549288,G,Major
I Really Want to Stay at Your House,Rosa Walton Hallie Coggins,2,2020,668,140430339,D,Minor
California Breeze,Lil Baby,1,2022,991,85559365,F,Minor
Bamba feat Aitch  BIA,Luciano Aitch B,3,2022,869,146223492,A,Major
Casei Com a Putaria,MC Ryan SP Love Funk Mc Paiva ZS,3,2022,648,187701588,A,Minor
Major Distribution,Drake 21 Savage,2,2022,1545,154863153,G,Minor
Pussy  Millions feat Travis Scott,Drake Travis Scott 21 Savage,3,2022,1930,191333656,E,Minor
Vigilante Shit,Taylor Swift,1,2022,1948,253650850,E,Minor
Question,Taylor Swift,1,2022,1608,223064273,G,Major
On BS,Drake 21 Savage,2,2022,1338,170413877,A,Major
Mastermind,Taylor Swift,1,2022,1936,218320587,E,Major
Circo Loco,Drake 21 Savage,2,2022,1794,141720999,C,Major
Labyrinth,Taylor Swift,1,2022,1597,187339835,nan,Major
Spin Bout U,Drake 21 Savage,2,2022,1652,198365537,G,Major
Sweet Nothing,Taylor Swift,1,2022,1747,186104310,nan,Major
Wouldve Couldve Shouldve,Taylor Swift,1,2022,1715,177503916,G,Major
Con La Brisa,Ludwig Goransson Foudeqush,2,2022,486,71095708,D,Minor
Privileged Rappers,Drake 21 Savage,2,2022,1007,112436403,F,Major
The Astronaut,Jin,1,2022,481,203436468,F,Major
BackOutsideBoyz,Drake,1,2022,1045,93367537,F,Minor
Broke Boys,Drake 21 Savage,2,2022,1060,106249219,D,Major
The Great War,Taylor Swift,1,2022,1274,181382590,F,Major
My Mind  Me,Selena Gomez,1,2022,953,91473363,A,Major
Bigger Than The Whole Sky,Taylor Swift,1,2022,1180,121871870,F,Major
A Veces feat Feid,Feid Paulo Londra,2,2022,573,73513683,C,Major
En La De Ella,Feid Sech Jhayco,3,2022,1320,133895612,C,Major
Alone,Burna Boy,1,2022,782,96007391,E,Minor
